,gene length,silent,nonsense,splice site,missense,recurrent missense,frameshift indel,inframe indel,lost start and stop,expression_CCLE,replication_time,HiC_compartment,gene_betweeness,gene_degree,exp_mean,exp_std,methy_mean,methy_std,cna_mean,cna_std,3'UTR,5'UTR,SNP,DEL,INS
TP53,-0.03721376202101684,0.0018922974103994517,0.006322744084409915,0.00851178399363589,0.006207313389057223,0.0,0.08289400095841665,0.0,0.0,0.006941531201099471,0.0,0.008075248125606505,0.11587262176359925,0.16127941654153743,0.018691295622611515,0.004338183631662551,0.01801668383326005,0.005192417565949237,0.005534623751777046,0.0,0.0,0.0,0.04141310230982331,0.17542237035562985,0.0026261095005234436
CTNNB1,0.024496846170481562,0.003893059511413083,0.0,0.0,0.0,0.0,0.0,0.08742565738530528,0.0,0.006892083308459862,0.006138430572424691,0.0,0.12061460521660733,0.16489709283179038,0.0014753851990090272,0.0,0.0026784518379947553,0.0029763300654433444,0.0,0.0,0.0,0.0,0.028024663262411487,0.053933948085212624,0.0
ATRX,0.11106059871073232,0.002316448334712229,0.07707166275885924,0.0,0.008875117197693905,0.0,0.0,0.0,0.0,0.003331959515129268,0.006183056866628012,0.0,0.06465245139750683,0.14826130896550532,0.03019146206219936,0.00575533991682034,0.0,0.07532253066109018,0.003903483778915473,0.005806847566475204,0.0,0.0,0.0,0.0,0.0
