,gene length,silent,nonsense,splice site,missense,recurrent missense,frameshift indel,inframe indel,lost start and stop,expression_CCLE,replication_time,HiC_compartment,gene_betweeness,gene_degree,exp_mean,exp_std,methy_mean,methy_std,cna_mean,cna_std,3'UTR,5'UTR,SNP,DEL,INS
TP53,-0.03284141013489328,0.0,0.03432425471376613,0.0,-0.013163751581554972,0.0,0.0,0.0,0.0,-0.010619891927748648,-0.009068460341635887,0.008645292719388048,0.10123751980411166,0.17212189402140593,0.021401939020703836,0.0,0.03288626456459354,0.0,0.055227797617059204,0.02706396243050918,0.0,0.0,0.08387864655198912,0.0,0.0
BAP1,0.0,0.0,0.06890940456094596,0.00875877302498132,0.031126527221796874,0.0,0.05388377523577648,0.04884666693682416,0.0,0.00409558587441472,0.0,0.05718435670475572,0.06985405430841024,0.09370933513004182,0.014726929661988408,0.0019259735371608966,0.0032893496963762314,0.008449893064210401,0.0848778780892468,0.04128543317403671,0.0,0.0,0.07874492224790541,0.07999662756025039,0.0
SETD2,0.024893287920568885,0.0,0.08728773352175759,0.0,0.025909347244609027,0.0,0.07513647977361704,0.0,0.0,0.0031279800219616294,0.002479682003393213,0.0167633047443263,0.03300414915387967,0.048837607277494643,0.03949143851047071,0.005293158856571556,0.0,0.0018068642097071042,0.08156303353469874,0.02041891851082378,0.0,0.0,0.04108880934613102,0.0,0.09256369139911158
