,gene length,silent,nonsense,splice site,missense,recurrent missense,frameshift indel,inframe indel,lost start and stop,expression_CCLE,replication_time,HiC_compartment,gene_betweeness,gene_degree,exp_mean,exp_std,methy_mean,methy_std,cna_mean,cna_std,3'UTR,5'UTR,SNP,DEL,INS
TP53,-0.02281093096728909,0.004787703143973254,0.00281707063506742,0.0065211180003784674,0.0,0.0,0.04372877436063255,0.0057738219642773925,0.0,0.0,0.0,0.0055994865403283245,0.11203336551765081,0.16165619380762078,0.007224772727063844,0.005142075893675158,0.014653272820751073,0.0,0.0041074244629063505,0.01168239088407197,0.0,0.0,0.05963648745420591,0.1625284627652786,0.03245097752187476
RB1,0.01577336198383461,0.009988301799269794,0.008499744788494246,0.008871802126713069,0.0,0.0,0.07219093255081815,0.0,0.0,0.0062120962553016135,0.008916855539202795,0.01613995665712764,0.11516283235075009,0.1627310620695065,0.013637021283480544,0.011751048727129232,0.0,0.03630932305222023,0.0,0.005499446463886837,0.0,0.0,0.03975664026453474,0.1559567115045179,0.003944853925203162
ATRX,0.0704112709464198,0.009007874616762002,0.012375696419598625,0.003383308387422068,0.0,0.0,0.08361137492968934,0.0,0.0,0.0,0.0053993045993666056,0.0,0.04575266599380856,0.10930374688124561,0.02212555064838151,0.008441508825542426,0.0010946067959890504,0.019890259101286167,0.0,0.0,0.0,0.0,0.039333939589097255,0.18699561001633638,0.012310511686284054
