,gene length,silent,nonsense,splice site,missense,recurrent missense,frameshift indel,inframe indel,lost start and stop,expression_CCLE,replication_time,HiC_compartment,gene_betweeness,gene_degree,exp_mean,exp_std,methy_mean,methy_std,cna_mean,cna_std,3'UTR,5'UTR,SNP,DEL,INS
BAP1,0.003294600568699957,0.013108542430708914,0.07111864837100285,0.0,0.0030895266869985782,0.0,0.11410105908870227,0.0,0.0,0.0,0.0,0.0,0.07209498283588653,0.04624021760785296,0.03578595503488535,0.0,0.003838797470841815,0.003075126844411108,0.031036922875707917,0.03557688906026174,0.0,0.0,0.0660371859659265,0.13440869225953872,0.001708337414059402
SF3B1,0.00953559251791189,0.00782343036920538,0.0,0.0,0.0,0.23503700860528876,0.0,0.0,0.0,0.0,0.0,0.0,0.08080470919218347,0.14188105327907097,0.04815915928966047,0.0,0.0,0.0,0.0,0.0025097851600085486,0.0,0.0,0.11352665086405989,0.0,0.0
