,gene length,silent,nonsense,splice site,missense,recurrent missense,frameshift indel,inframe indel,lost start and stop,expression_CCLE,replication_time,HiC_compartment,gene_betweeness,gene_degree,exp_mean,exp_std,methy_mean,methy_std,cna_mean,cna_std,3'UTR,5'UTR,SNP,DEL,INS
IDH1,-0.0090465917578713,0.0014608997046260327,0.0,-0.0009597136104482762,0.00779502508002148,0.0,0.0,0.0,0.0,0.010946381405986756,0.009448181043354285,-0.0065435213080804605,0.014665923304779421,0.09027165495806369,-0.008092302649221866,-0.006222533138188206,0.013590065221273206,-0.01773346206751636,-0.0014062273071258555,-0.010324994408736174,0.0,0.0,-0.003682114679366459,0.0,-0.001604686320475543
BAP1,0.0,0.002352493298078129,0.0,0.008332163305712514,-0.014033267419691076,0.0,0.023965642469554765,0.0,0.0,0.0,0.013591991212544952,0.097087242787403,0.04443837509965165,0.08891664295757609,0.0,0.002561315386916424,0.010659858359334029,0.0,0.03169282384866118,0.0029081137952121083,0.0,0.0,0.05922503993315201,0.04586354843696866,0.0
PBRM1,0.01748610586207279,0.0,-0.006505261384755087,0.0,-0.007399191703732599,0.0,0.0,0.0,0.0,-0.008206114309675161,0.008021376277011993,0.06025007060089005,0.026147664614278476,0.07509642232862984,0.0,0.006899223641429683,-0.009382295881215752,-0.004380157876054752,0.0194194018682661,0.006354470303297374,0.0,0.0,0.03720798647846081,0.021552282652170573,0.0
