,gene length,silent,nonsense,splice site,missense,recurrent missense,frameshift indel,inframe indel,lost start and stop,expression_CCLE,replication_time,HiC_compartment,gene_betweeness,gene_degree,exp_mean,exp_std,methy_mean,methy_std,cna_mean,cna_std,3'UTR,5'UTR,SNP,DEL,INS
TP53,0.0,0.005618557330527851,0.0393447004628647,0.0,0.010263989160885334,0.0,0.0,0.0,0.0,0.0,0.0,0.017223318344821048,0.1569870114589783,0.211756281386572,0.01993551995962195,0.0026327605603377324,0.020163649699233344,0.020164905675072287,0.0890365974454711,0.047253192404597244,0.0,0.0,0.025805535973507654,0.0,0.0
KMT2D,0.03516264140569397,0.0,0.07457307867916613,0.0,0.004001595056418228,0.0,0.16035440396638062,0.0,0.0,0.0,0.0,0.03780257027118403,0.0,0.04946288754293163,0.0,0.0,0.0,0.0,0.0,0.017337549893615495,0.0,0.0,0.04328291062576528,0.06390046456898257,0.010665060709495355
