,gene length,silent,nonsense,splice site,missense,recurrent missense,frameshift indel,inframe indel,lost start and stop,expression_CCLE,replication_time,HiC_compartment,gene_betweeness,gene_degree,exp_mean,exp_std,methy_mean,methy_std,cna_mean,cna_std,3'UTR,5'UTR,SNP,DEL,INS
TP53,0.007209799322224014,0.009957576296568738,0.0028976739231217352,0.0,-0.04717875836800656,0.0,0.0,0.0,0.0,0.0025379332407855504,0.015518587717681609,0.012116737894233176,0.14477583095934082,0.2164968285405447,0.015194920305687393,0.0,0.030491603245661386,0.01105835615881301,0.009335751136176573,0.008107931498748444,0.0,0.0,0.07263182553101677,0.0,0.0
PTEN,-0.007801498181701408,0.009171693376119755,0.0042872345006881585,0.0,-0.04857011670764577,0.0,0.0,0.0,0.0,0.007232331395543967,0.0,0.010139993255520896,0.114143256542317,0.1167547776433002,0.013980394884960293,0.006942752066295826,0.03584102283232313,0.013230725083227424,0.0031003615142856794,0.002731013005677685,0.0,0.0,0.001397227620256014,0.0,0.0
