,gene length,silent,nonsense,splice site,missense,recurrent missense,frameshift indel,inframe indel,lost start and stop,expression_CCLE,replication_time,HiC_compartment,gene_betweeness,gene_degree,exp_mean,exp_std,methy_mean,methy_std,cna_mean,cna_std,3'UTR,5'UTR,SNP,DEL,INS
PIK3CA,0.0,0.0032367855117656358,-0.002152292246519971,0.0,0.0,0.048618941941021135,-0.0030451813765970254,0.0,0.0,-0.0022788376752709005,0.0,-0.007223124905964995,0.055570220913207194,0.05390730082318473,-0.019933941692041712,-0.0027646625124777557,0.01010464136799026,-0.011087712838017794,-0.0017509123835860035,-0.004795461458316191,0.0,0.0,0.02521936027811285,-0.0013593329060778842,-0.002428628003248723
BAP1,0.0,0.0022550641553849005,0.007479464030094751,0.0,0.0,0.0,0.03412883786835391,0.0,0.0,0.0,0.0,0.010421774464043687,0.07464874089873141,0.08364955870881588,0.02119023979702339,0.0,0.0,0.0,0.012338173584945933,0.050571922384946455,0.0,0.0,0.09418840309425947,0.1127747279957324,0.02347597014054492
CUL3,0.0,0.005171353664208844,0.0,0.013357368770410882,0.0,0.0,0.026380879960497927,0.0,0.0,0.0036846691954767197,0.0,0.0,0.16176902111137775,0.18866906337619638,0.039910296091262065,0.0058459861523487144,0.0,0.0,0.0374188321997484,0.04866236501285304,0.0,0.0,0.03480835203509114,0.032873260981976626,0.0
KDM6A,0.04324349624508084,0.0,0.01072719446223816,0.0,0.010488006645299974,0.0,0.032667490907371644,0.0,0.0,0.012701385188621406,0.002429455882911033,0.002798050662160434,0.03435257528251362,0.043847672964527656,0.0,0.0,0.0,0.0,0.0,0.0,0.0,0.0,0.09084319111296932,0.11445292919775452,0.0
SETD2,0.058883207453128805,0.009050311738536765,0.030605401823027734,0.01012158503557653,0.0031552689994884253,0.0,0.028541984599350784,0.0,0.0,0.0,0.0015266598530222497,0.003187254507688947,0.005133939021589096,0.054108532484035854,0.027246283366922253,0.005310564921424288,-0.008828850185012144,0.0018049917908495305,0.0,0.00958947627026277,0.0,0.0,0.007232041194831507,0.0554212547098491,0.050032969538304606
