,gene length,silent,nonsense,splice site,missense,recurrent missense,frameshift indel,inframe indel,lost start and stop,expression_CCLE,replication_time,HiC_compartment,gene_betweeness,gene_degree,exp_mean,exp_std,methy_mean,methy_std,cna_mean,cna_std,3'UTR,5'UTR,SNP,DEL,INS
TP53,-0.020626999800070434,0.0,0.012045247227428613,0.0,0.004099647875826284,0.01403734891568209,0.015699177679435627,0.007314063966416651,0.0,0.0,0.0,0.0,0.15662598224025592,0.1790066354429085,0.019012102305634992,0.01009072165704894,0.023889739730168946,0.0,0.02942928807751155,0.02068118104667238,0.0,0.0,0.04555430806777433,0.10287788011917537,0.04449998261921995
RB1,0.04536451761958704,0.0,0.02876924208520762,0.0,0.0056455447244088686,0.0,0.020826040645418598,0.0,0.0,0.0,0.006247825594317968,0.013819161422448156,0.16271887841196098,0.21579365528797384,0.01922806410285316,0.0,0.0,0.021037396537368025,0.0019022900852076474,0.0,0.0,0.0,0.02505876404964824,0.029967783747546717,0.0
KRAS,-0.02706138088552524,-0.005783633329558245,-0.0037823208139813325,0.0,-0.004368468392042427,0.0,-0.0017787135294772966,0.0,0.0,0.007075214394192841,0.002612202388644111,-0.01045918594752658,0.061791967168027775,0.06972106394396274,0.016879942250119323,-0.006313898998259813,0.021111411553230347,0.004014197701458187,-0.015225856802979679,-0.009000408898964363,0.0,0.0,0.010211848560248801,-0.0025505303333365203,0.0
NRAS,-0.007686363303216138,-0.002097839380941907,-0.006641211653748504,-0.0011656149262458775,-0.009741979366451728,0.0,-0.0011789940904335522,-0.0008279767826384031,0.0,-0.0033217840778523473,0.007188457776379449,0.0,-0.007480601632260171,0.012877776097203395,0.03317088452308039,-0.005219158240189509,0.023031353577818995,0.007114727184941456,0.010144573266400024,0.0034579168242167557,0.0,-0.0005408999478168953,0.0019155556327486445,-0.0018632669494600337,-0.0011849616461585485
NF1,0.0618098190410693,0.0,0.026357452321996377,0.013507136981700862,0.0,0.0,0.04066574948200968,0.0,0.0,0.0,0.007561513324612801,0.0033901168769883694,0.03174135469723954,0.06428391833916747,0.02056439592340814,0.0028705430853993574,0.0,0.005252256557605833,0.032179176760771866,0.007425560175097462,0.0,0.0,0.06664470221302621,0.033731238270168745,0.06410851597797063
