,gene length,silent,nonsense,splice site,missense,recurrent missense,frameshift indel,inframe indel,lost start and stop,expression_CCLE,replication_time,HiC_compartment,gene_betweeness,gene_degree,exp_mean,exp_std,methy_mean,methy_std,cna_mean,cna_std,3'UTR,5'UTR,SNP,DEL,INS
HRAS,0.008588325665024182,0.0,0.0,0.0,0.0,0.13669589628907794,0.0,0.0,0.0,0.0,0.0,0.011942655223831922,0.05539422905636726,0.12712130078653788,0.030331625164745413,0.0,0.0,0.0,0.0,0.0,0.0,0.0,0.19676481078962188,0.0,0.0
NF1,0.052715233575182624,0.0,0.0057679699690361685,0.0,0.0,0.0,0.10226360734740869,0.0,0.0,0.0022235627648354572,0.0,0.0,0.030681532298139025,0.06080187275912213,0.01854219342197319,-0.016116550373787397,0.026134166057925623,0.011445832528446692,0.0,0.0,0.0,0.0,0.020287464499696012,0.16637767241294266,0.0
