,gene length,silent,nonsense,splice site,missense,recurrent missense,frameshift indel,inframe indel,lost start and stop,expression_CCLE,replication_time,HiC_compartment,gene_betweeness,gene_degree,exp_mean,exp_std,methy_mean,methy_std,cna_mean,cna_std,3'UTR,5'UTR,SNP,DEL,INS
NRAS,0.028473825160369726,0.0,0.0,0.0,0.0026382079668787473,0.0,0.0,0.0,0.0,0.01788353914482843,0.019426041174760295,0.0178849503546748,0.021791983962814704,0.00985901843458492,0.04098334948035731,0.01278243100684559,0.01512238098684221,0.10034139556050192,0.004719585222994038,0.008512815778729976,0.0,0.0,0.10848956667390819,0.0,0.0
PIK3CA,0.002037354121082996,0.0,0.0,0.0,0.0,0.0,0.0,0.0,0.0,0.0057556867915245224,0.04902634463122674,0.018901818136559945,0.056557401825033646,0.0951433172309267,0.0,-0.007757769408160947,0.03111690774152881,0.06984822291349804,-0.01509550479284369,-0.020718634492515486,0.0,0.0,0.025760612877896327,0.0,0.0
KRAS,0.013266899272194876,0.0,0.0,0.0,0.0,0.10035174505227423,0.0,0.0,0.0,0.0,0.02519997463720952,0.009924662736292666,0.08342378603607786,0.05720998549986933,0.02610137724950029,0.004294677729056728,0.0513578353220574,0.0643555981173857,0.014598396742190156,0.044314427594180916,0.0,0.0,0.06617639158746785,0.0,0.0
