,gene length,silent,nonsense,splice site,missense,recurrent missense,frameshift indel,inframe indel,lost start and stop,expression_CCLE,replication_time,HiC_compartment,gene_betweeness,gene_degree,exp_mean,exp_std,methy_mean,methy_std,cna_mean,cna_std,3'UTR,5'UTR,SNP,DEL,INS
HRAS,0.0,0.0033489165452280367,0.0,0.0,0.0,0.329959115597279,0.0,0.0,0.0,0.024664495248746476,0.0,0.0027064369006764566,0.06961358502764736,0.07278299177372027,0.006656326801090295,0.00746592081777997,0.0,0.0,0.004830995179821301,0.0,0.0,0.0,0.12567514616488196,0.0,0.0
AKT1,0.0,0.010775391560191111,0.0,0.0,0.0,0.0,0.0,0.0,0.0,0.0,0.009419573019777638,0.0111177812773266,0.18493322284204627,0.2470275507825127,0.0426061257429344,0.02891186920349903,0.0,0.0,0.0,0.0,0.0,0.0,0.07243622515239312,0.0,0.0
KRAS,-0.02210760184992639,-0.0009900380835986891,-0.00441102140915587,0.0,-0.009215123612010052,-0.002556419902639051,-0.0017998543477240891,0.0,0.0,-0.010305027055222057,0.005825083467682568,-0.00673297973380093,0.09101471324094718,0.047619729661825615,0.012014811240992296,0.008035497086416155,0.005934646080215787,-0.009927595043093165,0.0019465251625620586,0.007227585846971321,0.0,0.0,-0.006194332779478576,-0.0029127631521880526,0.0
NRAS,0.005859975893970526,0.003095582288106663,0.0,0.0,0.0033928257058473688,0.3560485867487039,0.0,0.0,0.0,0.0,0.005940545196229857,0.0,0.011409932290331881,0.01391638868947559,0.013524776834601432,0.01315230069768189,0.0,0.0,0.003282253217398612,0.0,0.0,0.0,0.22760457201833295,0.0,0.0
BRAF,0.0,0.0,0.0,0.0,0.004602920786809878,0.3474966153380595,0.0,0.0,0.0,0.0,0.0067612855913340986,0.0,0.01294049377622064,0.061558094906275396,0.0,0.007119192351946579,0.010862836324881053,0.0,0.0,0.0,0.0,0.0,0.20826725288610598,0.0,0.0
