,gene length,silent,nonsense,splice site,missense,recurrent missense,frameshift indel,inframe indel,lost start and stop,expression_CCLE,replication_time,HiC_compartment,gene_betweeness,gene_degree,exp_mean,exp_std,methy_mean,methy_std,cna_mean,cna_std,3'UTR,5'UTR,SNP,DEL,INS
TP53,0.0,0.0,0.0,0.0,0.0,0.0,0.009742233996883926,0.0,0.0,0.011024650376012746,0.026183288268739058,0.0034725075117578164,0.16942859990729353,0.23928645155184258,0.022143542496493307,0.002108998324501621,0.01436484441405117,0.0,0.06131450926102727,0.019103567874169003,0.0,0.0,0.0,0.02332842939385138,0.0
HRAS,0.01782002292875573,0.0017463331647847025,0.0,0.0,0.0006734525110205225,0.0,0.0,0.0,0.0,0.014694432975440208,0.014058260777317672,0.030138133413485785,0.04244888746164635,0.12582751556778854,0.018916268784959056,0.009138764066092514,0.0,0.0,0.0,0.0029453967719779706,0.0,0.0,0.05523701209621146,0.0,0.0
NRAS,0.03906952939358059,0.002415743352090549,0.0,0.0,0.004718559364121189,0.0,0.0,0.0,0.0,0.01611459614879293,0.006904129901471018,0.005947890243159087,0.005401611455708943,0.03543684344998754,0.036451329451272094,0.010634314944042475,0.010276495321959109,0.014889901375618547,-0.02114089733677163,0.0,0.0,0.0,0.005810147740162308,0.0,0.0
